{
  "means": [
    89.41570198058997,
    92.25506669998082,
    173.04581222534014,
    89.3643952941886,
    92.29883561134251,
    172.59061862945393,
    31663.24998046845,
    31719.850317382512,
    30681.647707519238,
    34.30785189628568,
    26.834537582397207,
    31.534575996398626
  ],
  "stds": [
    45.993270689632894,
    37.19465392511073,
    41.01271878016345,
    45.41186040692419,
    36.625347882443435,
    42.01746104867704,
    32715.057553890154,
    32724.392460713898,
    32669.934932773594,
    30.381548698617582,
    24.39376788916989,
    37.25320354316602
  ]
}